date,nav,cash,open_positions,realized_pnl,unrealized_pnl,spot_price
2023-06-01,59442.48571311502,-401723.7980326538,18,0.0,49442.4857131151,26819.97265625
2023-06-02,108194.64603205502,-716676.7437435037,32,2250.1358426174447,95944.51018943748,27249.58984375
2023-06-03,128070.60896128998,-876442.8182747299,40,2250.1358426174447,115820.47311867273,27075.12890625
2023-06-04,135889.63450116548,-931991.683260032,42,2250.1358426174447,123639.49865854811,27119.06640625
2023-06-05,120803.52036355971,-931991.683260032,42,2250.1358426174447,108553.38452094232,25760.09765625
2023-06-06,142264.82713247894,-961091.9479471314,44,2250.1358426174447,130014.69128986131,27238.783203125
2023-06-07,135857.66870078037,-977826.1353801648,46,2250.1358426174447,123607.53285816281,26345.998046875
2023-06-08,137676.06848307524,-977826.1353801648,46,2250.1358426174447,125425.93264045753,26508.216796875
2023-06-09,137205.76192361943,-977826.1353801648,46,2250.1358426174447,124955.62608100165,26480.375
2023-06-10,129585.51469225681,-977826.1353801648,46,2250.1358426174447,117335.37884963941,25851.240234375
2023-06-11,130490.92453352397,-977826.1353801648,46,2250.1358426174447,118240.78869090644,25940.16796875
2023-06-12,129908.44038836157,-977826.1353801648,46,2250.1358426174447,117658.30454574403,25902.5
2023-06-13,129958.90879582742,-977826.1353801648,46,2250.1358426174447,117708.77295320982,25918.728515625
2023-06-14,120668.75402993022,-977826.1353801648,46,2250.1358426174447,108418.61818731247,25124.67578125
2023-06-15,125679.51963000826,-977826.1353801648,46,2250.1358426174447,113429.38378739054,25576.39453125
2023-06-16,134400.77160777582,-977826.1353801648,46,2250.1358426174447,122150.63576515815,26327.462890625
2023-06-17,136476.08522339014,-977826.1353801648,46,2250.1358426174447,124225.9493807728,26510.67578125
2023-06-18,134222.59195572033,-977826.1353801648,46,2250.1358426174447,121972.45611310251,26336.212890625
2023-06-19,140371.22515710501,-977826.1353801648,46,2250.1358426174447,128121.0893144878,26851.029296875
2023-06-20,159075.25020588387,-977826.1353801648,46,2250.1358426174447,146825.11436326642,28327.48828125
2023-06-21,181756.8184028616,-977826.1353801648,46,2250.1358426174447,169506.682560244,30027.296875
2023-06-22,180106.1733127177,-977826.1353801648,46,2250.1358426174447,167856.03747010007,29912.28125
2023-06-23,190704.114010787,-977826.1353801648,46,2250.1358426174447,178453.9781681693,30695.46875
2023-06-24,188599.57721857133,-977826.1353801648,46,2250.1358426174447,176349.44137595376,30548.6953125
2023-06-25,187572.9368500706,-977826.1353801648,46,2250.1358426174447,175322.80100745297,30480.26171875
2023-06-26,184622.26458903344,-977826.1353801648,46,2250.1358426174447,172372.12874641598,30271.130859375
2023-06-27,190256.65995685558,-977826.1353801648,46,2250.1358426174447,178006.5241142377,30688.1640625
2023-06-28,181921.89870173146,-977826.1353801648,46,2250.1358426174447,169671.76285911418,30086.24609375
2023-06-29,186742.75720744475,-977826.1353801648,46,2250.1358426174447,174492.62136482686,30445.3515625
2023-06-30,187264.96811166324,-955150.7243713726,44,7728.116222762717,169536.85188890033,30477.251953125
2023-07-01,188616.94452193647,-955150.7243713726,44,7728.116222762717,170888.82829917342,30590.078125
2023-07-02,188922.19378668338,-955150.7243713726,44,7728.116222762717,171194.07756392055,30620.76953125
2023-07-03,195727.633751487,-955150.7243713726,44,7728.116222762717,177999.51752872395,31156.439453125
2023-07-04,190758.92412592017,-955150.7243713726,44,7728.116222762717,173030.8079031573,30777.58203125
2023-07-05,187297.22707471054,-955150.7243713726,44,7728.116222762717,169569.11085194803,30514.166015625
2023-07-06,179469.83985816652,-955150.7243713726,44,7728.116222762717,161741.7236354032,29909.337890625
2023-07-07,184927.08333614876,-955150.7243713726,44,7728.116222762717,167198.96711338565,30342.265625
2023-07-08,184201.6908858345,-955150.7243713726,44,7728.116222762717,166473.57466307163,30292.541015625
2023-07-09,182540.6651827722,-955150.7243713726,44,7728.116222762717,164812.54896000915,30171.234375
2023-07-10,185582.43045763683,-955150.7243713726,44,7728.116222762717,167854.3142348739,30414.470703125
2023-07-11,188140.1293727256,-955150.7243713726,44,7728.116222762717,170412.0131499627,30620.951171875
2023-07-12,185102.17828367918,-955150.7243713726,44,7728.116222762717,167374.06206091604,30391.646484375
2023-07-13,199055.43716079288,-955150.7243713726,44,7728.116222762717,181327.32093802968,31476.048828125
2023-07-14,184163.8011003536,-955150.7243713726,44,7728.116222762717,166435.68487759028,30334.068359375
2023-07-15,183571.61002912547,-955150.7243713726,44,7728.116222762717,165843.49380636244,30295.806640625
2023-07-16,182870.38009805477,-955150.7243713726,44,7728.116222762717,165142.26387529194,30249.1328125
2023-07-17,181437.50751405524,-955150.7243713726,44,7728.116222762717,163709.39129129253,30145.888671875
2023-07-18,177612.01048065408,-955150.7243713726,44,7728.116222762717,159883.89425789128,29856.5625
2023-07-19,178249.9575826315,-955150.7243713726,44,7728.116222762717,160521.8413598685,29913.923828125
2023-07-20,176584.33077372971,-955150.7243713726,44,7728.116222762717,158856.21455096678,29792.015625
2023-07-21,177984.7799840154,-955150.7243713726,44,7728.116222762717,160256.66376125225,29908.744140625
2023-07-22,176124.50480220572,-955150.7243713726,44,7728.116222762717,158396.38857944266,29771.802734375
2023-07-23,180055.97611826414,-955150.7243713726,44,7728.116222762717,162327.8598955008,30084.5390625
2023-07-24,168340.40617693716,-955150.7243713726,44,7728.116222762717,150612.28995417414,29176.916015625
2023-07-25,168874.5749507359,-955150.7243713726,44,7728.116222762717,151146.45872797328,29227.390625
2023-07-26,170389.6302309354,-955150.7243713726,44,7728.116222762717,152661.51400817247,29354.97265625
2023-07-27,168453.19589955115,-955150.7243713726,44,7728.116222762717,150725.07967678813,29210.689453125
2023-07-28,170382.92813589098,-875178.3414264243,42,22051.06617048877,138331.86196540206,29319.24609375
2023-07-29,170719.90719357552,-875178.3414264243,42,22051.06617048877,138668.8410230867,29356.91796875
2023-07-30,169657.4863048226,-875178.3414264243,42,22051.06617048877,137606.42013433384,29275.30859375
2023-07-31,169022.03894148604,-875178.3414264243,42,22051.06617048877,136970.97277099724,29230.111328125
2023-08-01,174166.10973567714,-875178.3414264243,42,22051.06617048877,142115.0435651883,29675.732421875
2023-08-02,167893.48384231795,-875178.3414264243,42,22051.06617048877,135842.41767182903,29151.958984375
2023-08-03,168098.19739574962,-875178.3414264243,42,22051.06617048877,136047.13122526064,29178.6796875
2023-08-04,166765.04157470644,-875178.3414264243,42,22051.06617048877,134713.97540421758,29074.091796875
2023-08-05,166278.72912959475,-875178.3414264243,42,22051.06617048877,134227.66295910603,29042.126953125
2023-08-06,166161.1546819989,-875178.3414264243,42,22051.06617048877,134110.08851150988,29041.85546875
2023-08-07,167668.5967913668,-875178.3414264243,42,22051.06617048877,135617.53062087792,29180.578125
2023-08-08,174481.17642729718,-875178.3414264243,42,22051.06617048877,142430.11025680846,29765.4921875
2023-08-09,171941.32187294995,-875178.3414264243,42,22051.06617048877,139890.25570246112,29561.494140625
2023-08-10,170265.33459135774,-875178.3414264243,42,22051.06617048877,138214.2684208686,29429.591796875
2023-08-11,169775.82916197088,-875178.3414264243,42,22051.06617048877,137724.76299148222,29397.71484375
2023-08-12,169880.03723285592,-875178.3414264243,42,22051.06617048877,137828.97106236685,29415.96484375
2023-08-13,168191.01128582447,-875178.3414264243,42,22051.06617048877,136139.94511533531,29282.9140625
2023-08-14,169565.8827475689,-875178.3414264243,42,22051.06617048877,137514.8165770799,29408.443359375
2023-08-15,166631.37123178202,-875178.3414264243,42,22051.06617048877,134580.30506129315,29170.34765625
2023-08-16,161023.42595299624,-875178.3414264243,42,22051.06617048877,128972.35978250725,28701.779296875
2023-08-17,138179.6423680801,-875178.3414264243,42,22051.06617048877,106128.57619759116,26664.55078125
2023-08-18,131679.79651856364,-865722.3161552375,40,22051.20643522917,99628.59008333406,26049.556640625
2023-08-19,132022.18888467562,-865722.3161552375,40,22051.20643522917,99970.98244944659,26096.205078125
2023-08-20,132849.1853570987,-865722.3161552375,40,22051.20643522917,100797.9789218693,26189.583984375
2023-08-21,132024.32802558597,-865722.3161552375,40,22051.20643522917,99973.12159035669,26124.140625
2023-08-22,130911.86622535612,-865722.3161552375,40,22051.20643522917,98860.65979012659,26031.65625
2023-08-23,134921.8623196968,-865722.3161552375,40,22051.20643522917,102870.65588446733,26431.640625
2023-08-24,131952.8410017431,-865722.3161552375,40,22051.20643522917,99901.63456651384,26162.373046875
2023-08-25,130591.48219552566,-865722.3161552375,40,22051.20643522917,98540.27576029635,26047.66796875
2023-08-26,130019.0215100263,-865722.3161552375,40,22051.20643522917,97967.81507479677,26008.462890625
2023-08-27,130698.34634538298,-865722.3161552375,40,22051.20643522917,98647.13991015361,26089.693359375
2023-08-28,130702.56754594552,-865722.3161552375,40,22051.20643522917,98651.36111071627,26106.150390625
2023-08-29,148199.53952361632,-865722.3161552375,40,22051.20643522917,116148.33308838705,27727.392578125
2023-08-30,143217.29582145612,-865722.3161552375,40,22051.20643522917,111166.08938622674,27297.265625
2023-08-31,128369.72137393791,-865722.3161552375,40,22051.20643522917,96318.51493870845,25931.47265625
2023-09-01,126845.43514026504,-865722.3161552375,40,22051.20643522917,94794.2287050358,25800.724609375
2023-09-02,127365.22801314958,-865722.3161552375,40,22051.20643522917,95314.02157792039,25868.798828125
2023-09-03,128227.02861442522,-865722.3161552375,40,22051.20643522917,96175.82217919595,25969.56640625
2023-09-04,126412.6000756654,-865722.3161552375,40,22051.20643522917,94361.39364043606,25812.416015625
2023-09-05,125885.30279827619,-865722.3161552375,40,22051.20643522917,93834.09636304689,25779.982421875
2023-09-06,125409.68465851457,-865722.3161552375,40,22051.20643522917,93358.47822328529,25753.236328125
2023-09-07,130362.52804535301,-865722.3161552375,40,22051.20643522917,98311.32161012414,26240.1953125
2023-09-08,126683.14898043103,-860858.837882765,38,22051.577498776183,94631.57148165452,25905.654296875
2023-09-09,126440.1088710808,-860858.837882765,38,22051.577498776183,94388.53137230464,25895.677734375
2023-09-10,125631.59914736776,-860858.837882765,38,22051.577498776183,93580.02164859137,25832.2265625
2023-09-11,118487.74673126452,-860858.837882765,38,22051.577498776183,86436.16923248838,25162.654296875
2023-09-12,125361.76501335308,-860858.837882765,38,22051.577498776183,93310.18751457676,25833.34375
2023-09-13,129440.5388146143,-860858.837882765,38,22051.577498776183,97388.96131583783,26228.32421875
2023-09-14,132683.7393694498,-860858.837882765,38,22051.577498776183,100632.1618706735,26539.673828125
2023-09-15,133299.36081519676,-860858.837882765,38,22051.577498776183,101247.78331642045,26608.693359375
2023-09-16,132713.25898251077,-860858.837882765,38,22051.577498776183,100661.68148373463,26568.28125
2023-09-17,132197.41189121082,-860858.837882765,38,22051.577498776183,100145.83439243477,26534.1875
2023-09-18,134476.13423579244,-860858.837882765,38,22051.577498776183,102424.55673701629,26754.28125
2023-09-19,139445.57620429993,-860858.837882765,38,22051.577498776183,107393.99870552337,27211.1171875
2023-09-20,138405.29881423677,-860858.837882765,38,22051.577498776183,106353.72131546034,27132.0078125
2023-09-21,131993.66710784973,-860858.837882765,38,22051.577498776183,99942.08960907342,26567.6328125
2023-09-22,131982.42522470478,-860858.837882765,38,22051.577498776183,99930.84772592848,26579.568359375
2023-09-23,131839.43608638784,-860858.837882765,38,22051.577498776183,99787.85858761161,26579.390625
2023-09-24,128179.1628213859,-860858.837882765,38,22051.577498776183,96127.58532260956,26256.826171875
2023-09-25,128488.34098829376,-860858.837882765,38,22051.577498776183,96436.76348951735,26298.48046875
2023-09-26,127462.43241166009,-860858.837882765,38,22051.577498776183,95410.8549128839,26217.25
2023-09-27,128795.48564244504,-860858.837882765,38,22051.577498776183,96743.90814366893,26352.716796875
2023-09-28,136033.58249179565,-860858.837882765,38,22051.577498776183,103982.00499301935,27021.546875
2023-09-29,134681.26231255976,-860858.837882765,38,22051.577498776183,102629.68481378339,26911.720703125
2023-09-30,135245.2546976545,-853779.9268844535,36,22052.04141435837,103193.213283296,26967.916015625
2023-10-01,146688.86977360304,-853779.9268844535,36,22052.04141435837,114636.82835924474,27983.75
2023-10-02,141335.7395347224,-853779.9268844535,36,22052.04141435837,109283.69812036371,27530.78515625
2023-10-03,140055.7294942406,-853779.9268844535,36,22052.04141435837,108003.68807988193,27429.978515625
2023-10-04,144170.49304177274,-853779.9268844535,36,22052.04141435837,112118.45162741424,27799.39453125
2023-10-05,139633.08016227523,-853779.9268844535,36,22052.04141435837,107581.03874791686,27415.912109375
2023-10-06,145626.90096698876,-853779.9268844535,36,22052.04141435837,113574.85955263038,27946.59765625
2023-10-07,145758.98105146317,-853779.9268844535,36,22052.04141435837,113706.93963710457,27968.83984375
2023-10-08,145235.80306267156,-853779.9268844535,36,22052.04141435837,113183.76164831327,27935.08984375
2023-10-09,141017.44260399148,-853779.9268844535,36,22052.04141435837,108965.40118963316,27583.677734375
2023-10-10,138644.48865518812,-853779.9268844535,36,22052.04141435837,106592.44724082972,27391.01953125
2023-10-11,132569.7119956602,-853779.9268844535,36,22052.04141435837,100517.67058130156,26873.3203125
2023-10-12,131100.9733441706,-853779.9268844535,36,22052.04141435837,99048.9319298121,26756.798828125
2023-10-13,132136.25680391002,-853779.9268844535,36,22052.04141435837,100084.21538955162,26862.375
2023-10-14,131972.6099813045,-853779.9268844535,36,22052.04141435837,99920.56856694595,26861.70703125
2023-10-15,135218.40933877544,-853779.9268844535,36,22052.04141435837,103166.36792441683,27159.65234375
2023-10-16,151147.32121767465,-853779.9268844535,36,22052.04141435837,119095.27980331615,28519.466796875
2023-10-17,149757.54841169424,-853779.9268844535,36,22052.04141435837,117705.50699733566,28415.748046875
2023-10-18,148567.56811585499,-853779.9268844535,36,22052.04141435837,116515.52670149636,28328.341796875
2023-10-19,153193.098701754,-853779.9268844535,36,22052.04141435837,121141.05728739566,28719.806640625
2023-10-20,165004.4498583323,-853779.9268844535,36,22052.04141435837,132952.408443974,29682.94921875
2023-10-21,167859.19435477653,-853779.9268844535,36,22052.04141435837,135807.15294041816,29918.412109375
2023-10-22,168711.93676944287,-853779.9268844535,36,22052.04141435837,136659.89535508445,29993.896484375
2023-10-23,208755.7854763777,-853779.9268844535,36,22052.04141435837,176703.74406201908,33086.234375
2023-10-24,219534.68136161054,-853779.9268844535,36,22052.04141435837,187482.63994725235,33901.52734375
2023-10-25,227494.14251516154,-853779.9268844535,36,22052.04141435837,195442.10110080327,34502.8203125
2023-10-26,222910.7921795398,-853779.9268844535,36,22052.04141435837,190858.75076518167,34156.6484375
2023-10-27,219703.72117003414,-844434.4329534516,34,22052.568813637106,187651.15235639692,33909.80078125
2023-10-28,222100.01924903586,-844434.4329534516,34,22052.568813637106,190047.45043539855,34089.57421875
2023-10-29,228096.97452459892,-844434.4329534516,34,22052.568813637106,196044.40571096147,34538.48046875
2023-10-30,227630.42585449235,-844434.4329534516,34,22052.568813637106,195577.85704085516,34502.36328125
2023-10-31,229857.06982089847,-844434.4329534516,34,22052.568813637106,197804.5010072611,34667.78125
2023-11-01,240158.32567973516,-844434.4329534516,34,22052.568813637106,208105.75686609792,35437.25390625
2023-11-02,233534.06748237356,-844434.4329534516,34,22052.568813637106,201481.4986687363,34938.2421875
2023-11-03,230805.34085942165,-844434.4329534516,34,22052.568813637106,198752.77204578448,34732.32421875
2023-11-04,235552.13334549393,-844434.4329534516,34,22052.568813637106,203499.5645318568,35082.1953125
2023-11-05,235160.58077523566,-844434.4329534516,34,22052.568813637106,203108.01196159824,35049.35546875
2023-11-06,235052.57394360343,-844434.4329534516,34,22052.568813637106,203000.00512996598,35037.37109375
2023-11-07,240613.2011445799,-844434.4329534516,34,22052.568813637106,208560.63233094287,35443.5625
2023-11-08,243560.76413839764,-844434.4329534516,34,22052.568813637106,211508.19532476043,35655.27734375
2023-11-09,257598.84534271702,-844434.4329534516,34,22052.568813637106,225546.2765290798,36693.125
2023-11-10,265914.66355509416,-844434.4329534516,34,22052.568813637106,233862.09474145703,37313.96875
2023-11-11,263823.1587224711,-844434.4329534516,34,22052.568813637106,231770.58990883376,37138.05078125
2023-11-12,262945.5886576249,-844434.4329534516,34,22052.568813637106,230893.01984398795,37054.51953125
2023-11-13,255734.08242646756,-844434.4329534516,34,22052.568813637106,223681.51361283055,36502.35546875
2023-11-14,242442.5113079074,-844434.4329534516,34,22052.568813637106,210389.94249427028,35537.640625
2023-11-15,274773.9104550263,-844434.4329534516,34,22052.568813637106,242721.34164138895,37880.58203125
2023-11-16,251149.80711279332,-844434.4329534516,34,22052.568813637106,219097.2382991556,36154.76953125
2023-11-17,257499.39044848364,-827956.3188500856,32,28649.84404558383,218849.54640289958,36596.68359375
2023-11-18,257372.49991513253,-827956.3188500856,32,28649.84404558383,218722.6558695488,36585.703125
2023-11-19,267907.91360026784,-827956.3188500856,32,28649.84404558383,229258.0695546839,37386.546875
2023-11-20,269126.8177301055,-827956.3188500856,32,28649.84404558383,230476.97368452133,37476.95703125
2023-11-21,247236.5335938381,-827956.3188500856,32,28649.84404558383,208586.68954825425,35813.8125
2023-11-22,268609.84546761424,-827956.3188500856,32,28649.84404558383,229960.00142203033,37432.33984375
2023-11-23,266763.68853658834,-827956.3188500856,32,28649.84404558383,228113.84449100462,37289.62109375
2023-11-24,272478.06753644627,-827956.3188500856,32,28649.84404558383,233828.2234908622,37720.28125
2023-11-25,273529.5087119576,-827956.3188500856,32,28649.84404558383,234879.66466637346,37796.79296875
2023-11-26,269374.74084761203,-827956.3188500856,32,28649.84404558383,230724.8968020283,37479.12109375
2023-11-27,266430.57750566746,-827956.3188500856,32,28649.84404558383,227780.73346008337,37254.16796875
2023-11-28,274119.83488749946,-827956.3188500856,32,28649.84404558383,235469.99084191534,37831.0859375
2023-11-29,274530.9208991104,-827956.3188500856,32,28649.84404558383,235881.07685352635,37858.4921875
2023-11-30,272643.2361546769,-827956.3188500856,32,28649.84404558383,233993.39210909267,37712.74609375
2023-12-01,285614.9528554422,-827956.3188500856,32,28649.84404558383,246965.10880985824,38688.75
2023-12-02,295977.43170367484,-827956.3188500856,32,28649.84404558383,257327.5876580908,39476.33203125
2023-12-03,302583.0511309714,-827956.3188500856,32,28649.84404558383,263933.2070853873,39978.390625
2023-12-04,328022.7420114372,-827956.3188500856,32,28649.84404558383,289372.8979658531,41980.09765625
2023-12-05,353671.7570929136,-827956.3188500856,32,28649.84404558383,315021.9130473292,44080.6484375
2023-12-06,349849.8230582834,-827956.3188500856,32,28649.84404558383,311199.9790126995,43746.4453125
2023-12-07,344561.0393381999,-827956.3188500856,32,28649.84404558383,305911.1952926157,43292.6640625
2023-12-08,355750.3662729098,-748238.2431563947,30,52819.05475397267,292931.3115189369,44166.6015625
2023-12-09,351119.89497368014,-748238.2431563947,30,52819.05475397267,288300.8402197073,43725.984375
2023-12-10,351893.3260691541,-748238.2431563947,30,52819.05475397267,289074.2713151811,43779.69921875
2023-12-11,323330.05599277676,-748238.2431563947,30,52819.05475397267,260511.00123880376,41243.83203125
2023-12-12,325899.08223190694,-748238.2431563947,30,52819.05475397267,263080.027477934,41450.22265625
2023-12-13,342597.4046539767,-748238.2431563947,30,52819.05475397267,279778.34990000376,42890.7421875
2023-12-14,344295.502552819,-748238.2431563947,30,52819.05475397267,281476.44779884623,43023.97265625
2023-12-15,331993.8180596258,-748238.2431563947,30,52819.05475397267,269174.76330565306,41929.7578125
2023-12-16,335772.3151777247,-748238.2431563947,30,52819.05475397267,272953.260423752,42240.1171875
2023-12-17,325725.0284741691,-748238.2431563947,30,52819.05475397267,262905.9737201961,41364.6640625
2023-12-18,340588.00054567703,-748238.2431563947,30,52819.05475397267,277768.94579170435,42623.5390625
2023-12-19,336719.52561154775,-748238.2431563947,30,52819.05475397267,273900.47085757484,42270.52734375
2023-12-20,352698.2348735223,-748238.2431563947,30,52819.05475397267,289879.1801195496,43652.25
2023-12-21,355376.92110211146,-748238.2431563947,30,52819.05475397267,292557.86634813837,43869.15234375
2023-12-22,357083.7284551223,-748238.2431563947,30,52819.05475397267,294264.6737011497,43997.90234375
2023-12-23,354475.01448679133,-748238.2431563947,30,52819.05475397267,291655.9597328186,43739.54296875
2023-12-24,346454.0936876971,-748238.2431563947,30,52819.05475397267,283635.0389337247,43016.1171875
2023-12-25,353575.50511336233,-748238.2431563947,30,52819.05475397267,290756.4503593897,43613.140625
2023-12-26,340903.24606280215,-748238.2431563947,30,52819.05475397267,278084.1913088296,42520.40234375
2023-12-27,351956.6700898225,-748238.2431563947,30,52819.05475397267,289137.61533584946,43442.85546875
2023-12-28,342462.64166005445,-748238.2431563947,30,52819.05475397267,279643.58690608165,42627.85546875
2023-12-29,336269.0145023158,-748238.2431563947,30,52819.05475397267,273449.95974834275,42099.40234375
2023-12-30,337104.3809659311,-748238.2431563947,30,52819.05475397267,274285.32621195854,42156.90234375
2023-12-31,338732.1829916078,-718311.3656452142,28,65084.985915643556,263647.1970759642,42265.1875
2024-01-01,359454.097700655,-718311.3656452142,28,65084.985915643556,284369.11178501125,44167.33203125
2024-01-02,367905.47909940104,-718311.3656452142,28,65084.985915643556,292820.49318375735,44957.96875
2024-01-03,345613.2549928534,-718311.3656452142,28,65084.985915643556,270528.26907720964,42848.17578125
2024-01-04,360115.02437905665,-718311.3656452142,28,65084.985915643556,285030.0384634129,44179.921875
2024-01-05,360119.9995339017,-718311.3656452142,28,65084.985915643556,285035.0136182582,44162.69140625
2024-01-06,358471.67992087733,-718311.3656452142,28,65084.985915643556,283386.6940052337,43989.1953125
2024-01-07,358179.34671381325,-718311.3656452142,28,65084.985915643556,283094.3607981696,43943.09765625
2024-01-08,389300.7974404078,-718311.3656452142,28,65084.985915643556,314215.81152476376,46970.50390625
2024-01-09,381289.3897302295,-718311.3656452142,28,65084.985915643556,306204.403814586,46139.73046875
2024-01-10,386339.11471632216,-718311.3656452142,28,65084.985915643556,311254.1288006783,46627.77734375
2024-01-11,384006.7624110717,-718311.3656452142,28,65084.985915643556,308921.77649542806,46368.5859375
2024-01-12,347365.6638194558,-718311.3656452142,28,65084.985915643556,272280.6779038119,42853.16796875
2024-01-13,347450.09882180975,-718311.3656452142,28,65084.985915643556,272365.1129061657,42842.3828125
2024-01-14,335610.1137969566,-718311.3656452142,28,65084.985915643556,260525.12788131315,41796.26953125
2024-01-15,344107.914047278,-718311.3656452142,28,65084.985915643556,269022.92813163454,42511.96875
2024-01-16,351625.2277047406,-718311.3656452142,28,65084.985915643556,276540.2417890969,43154.9453125
2024-01-17,347159.3813031269,-718311.3656452142,28,65084.985915643556,272074.3953874831,42742.65234375
2024-01-18,329748.4431364123,-718311.3656452142,28,65084.985915643556,254663.45722076859,41262.05859375
2024-01-19,334139.93826329755,-718311.3656452142,28,65084.985915643556,259054.95234765386,41618.40625
2024-01-20,334807.3139930933,-718311.3656452142,28,65084.985915643556,259722.32807744955,41665.5859375
2024-01-21,333462.66859926656,-718311.3656452142,28,65084.985915643556,258377.68268362293,41545.78515625
2024-01-22,308572.7735358436,-718311.3656452142,28,65084.985915643556,233487.78762019984,39507.3671875
2024-01-23,312827.5258663981,-718311.3656452142,28,65084.985915643556,237742.53995075435,39845.55078125
2024-01-24,315764.6044717819,-718311.3656452142,28,65084.985915643556,240679.61855613836,40077.07421875
2024-01-25,314061.68620153656,-718311.3656452142,28,65084.985915643556,238976.700285893,39933.80859375
2024-01-26,337454.5622500767,-684759.0609320018,26,81903.1031958225,245551.4590542542,41816.87109375
2024-01-27,340944.6190830519,-684759.0609320018,26,81903.1031958225,249041.51588722947,42120.0546875
2024-01-28,340131.87443999667,-684759.0609320018,26,81903.1031958225,248228.77124417413,42035.59375
2024-01-29,354060.83729018585,-684759.0609320018,26,81903.1031958225,262157.7340943635,43288.24609375
2024-01-30,350550.9179514545,-684759.0609320018,26,81903.1031958225,258647.81475563205,42952.609375
2024-01-31,346620.1054864108,-684759.0609320018,26,81903.1031958225,254717.00229058825,42582.60546875
2024-02-01,352223.44491370034,-684759.0609320018,26,81903.1031958225,260320.34171787763,43075.7734375
2024-02-02,353603.108828,-684759.0609320018,26,81903.1031958225,261700.00563217743,43185.859375
2024-02-03,351636.7333678183,-684759.0609320018,26,81903.1031958225,259733.6301719958,42992.25
2024-02-04,347239.4392316949,-684759.0609320018,26,81903.1031958225,255336.3360358723,42583.58203125
2024-02-05,348239.88967473153,-684759.0609320018,26,81903.1031958225,256336.7864789089,42658.66796875
2024-02-06,353188.73048781045,-684759.0609320018,26,81903.1031958225,261285.62729198777,43084.671875
2024-02-07,367003.07742342167,-684759.0609320018,26,81903.1031958225,275099.97422759916,44318.22265625
2024-02-08,377693.01506863255,-684759.0609320018,26,81903.1031958225,285789.91187281004,45301.56640625
2024-02-09,396192.7994058633,-684759.0609320018,26,81903.1031958225,304289.6962100409,47147.19921875
2024-02-10,402325.48353915405,-684759.0609320018,26,81903.1031958225,310422.38034333155,47771.27734375
2024-02-11,407357.3863884355,-684759.0609320018,26,81903.1031958225,315454.28319261305,48293.91796875
2024-02-12,421081.93542458536,-684759.0609320018,26,81903.1031958225,329178.8322287629,49958.22265625
2024-02-13,419660.82852131873,-684759.0609320018,26,81903.1031958225,327757.7253254961,49742.44140625
2024-02-14,434139.1353987311,-684759.0609320018,26,81903.1031958225,342236.03220290877,51826.6953125
2024-02-15,433662.2713441539,-684759.0609320018,26,81903.1031958225,341759.1681483311,51938.5546875
2024-02-16,434657.1180010908,-662598.8578070018,24,85829.31683575039,338827.8011653403,52160.203125
2024-02-17,430375.13549801405,-662598.8578070018,24,85829.31683575039,334545.8186622636,51662.99609375
2024-02-18,434653.0622660916,-662598.8578070018,24,85829.31683575039,338823.74543034134,52122.546875
2024-02-19,431755.5192632633,-662598.8578070018,24,85829.31683575039,335926.2024275128,51779.14453125
2024-02-20,436438.0774256564,-662598.8578070018,24,85829.31683575039,340608.7605899058,52284.875
2024-02-21,432633.4797806109,-662598.8578070018,24,85829.31683575039,336804.1629448605,51839.1796875
2024-02-22,427926.93649140187,-662598.8578070018,24,85829.31683575039,332097.6196556518,51304.97265625
2024-02-23,422808.4798436323,-662598.8578070018,24,85829.31683575039,326979.1630078819,50731.94921875
2024-02-24,430710.2152657111,-662598.8578070018,24,85829.31683575039,334880.8984299605,51571.1015625
2024-02-25,432366.6436994574,-662598.8578070018,24,85829.31683575039,336537.3268637072,51733.23828125
2024-02-26,456825.19923864305,-662598.8578070018,24,85829.31683575039,360995.8824028925,54522.40234375
2024-02-27,477608.7107387937,-662598.8578070018,24,85829.31683575039,381779.39390304347,57085.37109375
2024-02-28,517600.21919846465,-662598.8578070018,24,85829.31683575039,421770.902362714,62504.7890625
2024-02-29,508474.24986477615,-662598.8578070018,24,85829.31683575039,412644.9330290258,61198.3828125
2024-03-01,517321.82893641246,-662598.8578070018,24,85829.31683575039,421492.5121006622,62440.6328125
2024-03-02,514550.13272651937,-662598.8578070018,24,85829.31683575039,418720.81589076883,62029.84765625
2024-03-03,522490.0273110233,-662598.8578070018,24,85829.31683575039,426660.71047527285,63167.37109375
2024-03-04,557669.0738990919,-662598.8578070018,24,85829.31683575039,461839.7570633415,68330.4140625
2024-03-05,526925.7636459984,-662598.8578070018,24,85829.31683575039,431096.4468102481,63801.19921875
2024-03-06,542573.6352181684,-662598.8578070018,24,85829.31683575039,446744.318382418,66106.8046875
2024-03-07,548098.2968960181,-662598.8578070018,24,85829.31683575039,452268.9800602675,66925.484375
2024-03-08,557960.9991391414,-556216.5511283908,22,134132.2720182998,413828.72712084156,68300.09375
2024-03-09,559074.3542575637,-556216.5511283908,22,134132.2720182998,414942.08223926387,68498.8828125
2024-03-10,562050.6275019125,-556216.5511283908,22,134132.2720182998,417918.3554836127,69019.7890625
2024-03-11,580164.1651361609,-556216.5511283908,22,134132.2720182998,436031.89311786107,72123.90625
2024-03-12,576359.8451429365,-556216.5511283908,22,134132.2720182998,432227.57312463655,71481.2890625
2024-03-13,585802.0501486418,-556216.5511283908,22,134132.2720182998,441669.77813034225,73083.5
2024-03-14,575794.8425227451,-556216.5511283908,22,134132.2720182998,431662.5705044452,71396.59375
2024-03-15,563980.716661953,-556216.5511283908,22,134132.2720182998,419848.444643653,69403.7734375
2024-03-16,540365.0396263393,-556216.5511283908,22,134132.2720182998,396232.7676080397,65315.1171875
2024-03-17,557851.8790925065,-556216.5511283908,22,134132.2720182998,413719.6070742066,68390.625
2024-03-18,552818.0533854495,-556216.5511283908,22,134132.2720182998,408685.78136714944,67548.59375
2024-03-19,521373.65487188206,-556216.5511283908,22,134132.2720182998,377241.382853582,61912.7734375
2024-03-20,554644.9403765771,-556216.5511283908,22,134132.2720182998,410512.66835827695,67913.671875
2024-03-21,540514.0739762882,-556216.5511283908,22,134132.2720182998,396381.80195798865,65491.390625
2024-03-22,530888.7295209769,-556216.5511283908,22,134132.2720182998,386756.4575026769,63778.76171875
2024-03-23,532114.4997080568,-556216.5511283908,22,134132.2720182998,387982.22768975695,64062.203125
2024-03-24,549798.352017864,-556216.5511283908,22,134132.2720182998,405666.07999956445,67234.171875
2024-03-25,566577.1146726737,-556216.5511283908,22,134132.2720182998,422444.8426543738,69958.8125
2024-03-26,566887.4864567396,-556216.5511283908,22,134132.2720182998,422755.21443843964,69987.8359375
2024-03-27,563554.1091235873,-556216.5511283908,22,134132.2720182998,419421.8371052872,69455.34375
2024-03-28,572009.7467542399,-556216.5511283908,22,134132.2720182998,427877.4747359404,70744.953125
2024-03-29,566633.3376868541,-556216.5511283908,22,134132.2720182998,422501.0656685541,69892.828125
2024-03-30,565142.7634339599,-556216.5511283908,22,134132.2720182998,421010.49141565996,69645.3046875
2024-03-31,575868.3022770096,-514882.9026908908,20,147186.90839855492,418681.39387845446,71333.6484375
2024-04-01,567089.5982938424,-514882.9026908908,20,147186.90839855492,409902.68989528733,69702.1484375
2024-04-02,543072.4351693756,-514882.9026908908,20,147186.90839855492,385885.52677082067,65446.97265625
2024-04-03,546295.2635596785,-514882.9026908908,20,147186.90839855492,389108.35516112344,65980.8125
2024-04-04,560764.2522239472,-514882.9026908908,20,147186.90839855492,403577.3438253924,68508.84375
2024-04-05,557071.5053937206,-514882.9026908908,20,147186.90839855492,399884.59699516534,67837.640625
2024-04-06,563124.039231189,-514882.9026908908,20,147186.90839855492,405937.1308326341,68896.109375
2024-04-07,565831.7944233579,-514882.9026908908,20,147186.90839855492,408644.8860248029,69362.5546875
2024-04-08,578504.0234914346,-514882.9026908908,20,147186.90839855492,421317.11509287986,71631.359375
2024-04-09,564755.8290277285,-514882.9026908908,20,147186.90839855492,407568.9206291735,69139.015625
2024-04-10,572994.2105783195,-514882.9026908908,20,147186.90839855492,415807.3021797645,70587.8828125
2024-04-11,570145.74748,-514882.9026908908,20,147186.90839855492,412958.8390814449,70060.609375
2024-04-12,553779.188779554,-514882.9026908908,20,147186.90839855492,396592.2803809991,67195.8671875
2024-04-13,533750.1149445887,-514882.9026908908,20,147186.90839855492,376563.20654603373,63821.47265625
2024-04-14,545096.3267356966,-514882.9026908908,20,147186.90839855492,387909.41833714175,65738.7265625
2024-04-15,531265.6064928707,-514882.9026908908,20,147186.90839855492,374078.6980943156,63426.2109375
2024-04-16,533413.205657429,-514882.9026908908,20,147186.90839855492,376226.29725887394,63811.86328125
2024-04-17,518743.3489305669,-514882.9026908908,20,147186.90839855492,361556.44053201214,61276.69140625
2024-04-18,531292.4465162284,-514882.9026908908,20,147186.90839855492,374105.53811767336,63512.75390625
2024-04-19,532939.2054866139,-514882.9026908908,20,147186.90839855492,375752.29708805884,63843.5703125
2024-04-20,539486.8138854586,-514882.9026908908,20,147186.90839855492,382299.9054869037,64994.44140625
2024-04-21,538678.2019693557,-514882.9026908908,20,147186.90839855492,381491.2935708006,64926.64453125
2024-04-22,550890.3542922045,-514882.9026908908,20,147186.90839855492,393703.4458936494,66837.6796875
2024-04-23,547832.7577576748,-514882.9026908908,20,147186.90839855492,390645.84935911995,66407.2734375
2024-04-24,532676.1402199687,-514882.9026908908,20,147186.90839855492,375489.23182141385,64276.8984375
2024-04-25,533820.4879251738,-514882.9026908908,20,147186.90839855492,376633.57952661894,64481.70703125
2024-04-26,528119.1353807143,-476127.5823783908,18,156841.9640239555,361277.17135675874,63755.3203125
2024-04-27,526018.423916018,-476127.5823783908,18,156841.9640239555,359176.4598920626,63419.140625
2024-04-28,524090.73057000956,-476127.5823783908,18,156841.9640239555,357248.7665460543,63113.23046875
2024-04-29,529341.7724314419,-476127.5823783908,18,156841.9640239555,362499.80840748636,63841.12109375
2024-04-30,506042.9109682519,-476127.5823783908,18,156841.9640239555,339200.9469442963,60636.85546875
2024-05-01,487935.8776548313,-476127.5823783908,18,156841.9640239555,321093.9136308757,58254.01171875
2024-05-02,494692.53280411253,-476127.5823783908,18,156841.9640239555,327850.5687801569,59123.43359375
2024-05-03,523045.7887788486,-476127.5823783908,18,156841.9640239555,356203.8247548931,62889.8359375
2024-05-04,530523.8561723904,-476127.5823783908,18,156841.9640239555,363681.8921484349,63891.47265625
2024-05-05,531611.6047138913,-476127.5823783908,18,156841.9640239555,364769.64068993565,64031.1328125
2024-05-06,525231.5331312878,-476127.5823783908,18,156841.9640239555,358389.56910733215,63161.94921875
2024-05-07,519132.9762605288,-476127.5823783908,18,156841.9640239555,352291.0122365733,62334.81640625
2024-05-08,510607.52190101484,-476127.5823783908,18,156841.9640239555,343765.5578770593,61187.94140625
2024-05-09,524565.0110456544,-476127.5823783908,18,156841.9640239555,357723.047021699,63049.9609375
2024-05-10,507744.5195597032,-476127.5823783908,18,156841.9640239555,340902.5555357478,60792.77734375
2024-05-11,507804.42509093776,-476127.5823783908,18,156841.9640239555,340962.4610669823,60793.7109375
2024-05-12,512774.5848404834,-476127.5823783908,18,156841.9640239555,345932.62081652787,61448.39453125
2024-05-13,523680.1265551526,-476127.5823783908,18,156841.9640239555,356838.1625311971,62901.44921875
2024-05-14,513663.9346864618,-476127.5823783908,18,156841.9640239555,346821.9706625062,61552.7890625
2024-05-15,548599.0585746259,-476127.5823783908,18,156841.9640239555,381757.09455067024,66267.4921875
2024-05-16,541076.1009060155,-476127.5823783908,18,156841.9640239555,374234.13688206003,65231.58203125
2024-05-17,554866.7347485534,-379836.9904217819,16,203896.8076158204,340969.9271327327,67051.875
2024-05-18,554282.864902947,-379836.9904217819,16,203896.8076158204,340386.05728712655,66940.8046875
2024-05-19,550187.3218093469,-379836.9904217819,16,203896.8076158204,336290.5141935265,66278.3671875
2024-05-20,581447.0729481747,-379836.9904217819,16,203896.8076158204,367550.2653323541,71448.1953125
2024-05-21,573847.0870169142,-379836.9904217819,16,203896.8076158204,359950.2794010936,70136.53125
2024-05-22,567903.5907232851,-379836.9904217819,16,203896.8076158204,354006.7831074647,69122.3359375
2024-05-23,560794.7173023977,-379836.9904217819,16,203896.8076158204,346897.9096865773,67929.5625
2024-05-24,564514.5844574688,-379836.9904217819,16,203896.8076158204,350617.77684164833,68526.1015625
2024-05-25,569081.6882398577,-379836.9904217819,16,203896.8076158204,355184.88062403735,69265.9453125
2024-05-26,564649.8180230866,-379836.9904217819,16,203896.8076158204,350753.01040726644,68518.09375
2024-05-27,570064.5771694427,-379836.9904217819,16,203896.8076158204,356167.7695536221,69394.5546875
2024-05-28,563383.6768483097,-379836.9904217819,16,203896.8076158204,349486.86923248926,68296.21875
2024-05-29,558945.6447050154,-379836.9904217819,16,203896.8076158204,345048.8370891949,67578.09375
2024-05-30,563931.4499025805,-379836.9904217819,16,203896.8076158204,350034.64228675986,68364.9921875
2024-05-31,558516.9720815533,-379836.9904217819,16,203896.8076158204,344620.16446573276,67491.4140625
2024-06-01,559927.6825164749,-379836.9904217819,16,203896.8076158204,346030.8749006545,67706.9375
2024-06-02,560265.5359571959,-379836.9904217819,16,203896.8076158204,346368.7283413754,67751.6015625
2024-06-03,566912.8065967733,-379836.9904217819,16,203896.8076158204,353015.9989809528,68804.78125
2024-06-04,577915.6191017503,-379836.9904217819,16,203896.8076158204,364018.8114859298,70567.765625
2024-06-05,581154.3406618462,-379836.9904217819,16,203896.8076158204,367257.53304602567,71082.8203125
2024-06-06,579208.6826755841,-379836.9904217819,16,203896.8076158204,365311.8750597636,70757.1640625
2024-06-07,570500.1095579366,-379836.9904217819,16,203896.8076158204,356603.3019421161,69342.5859375
2024-06-08,570329.7464223831,-379836.9904217819,16,203896.8076158204,356432.93880656257,69305.7734375
2024-06-09,572518.397599676,-379836.9904217819,16,203896.8076158204,358621.58998385567,69647.9921875
2024-06-10,571732.9063541611,-379836.9904217819,16,203896.8076158204,357836.09873834066,69512.28125
2024-06-11,558131.600909447,-379836.9904217819,16,203896.8076158204,344234.7932936267,67332.03125
2024-06-12,563903.693557439,-379836.9904217819,16,203896.8076158204,350006.88594161853,68241.1875
2024-06-13,554603.7390794934,-379836.9904217819,16,203896.8076158204,340706.93146367307,66756.3984375
2024-06-14,550577.6363649677,-274122.057953715,14,244909.62963886734,295668.0067261003,66011.09375
2024-06-15,551591.6732994817,-274122.057953715,14,244909.62963886734,296682.04366061435,66191.0
2024-06-16,554036.3160360692,-274122.057953715,14,244909.62963886734,299126.6863972016,66639.046875
2024-06-17,553293.3687861821,-274122.057953715,14,244909.62963886734,298383.7391473147,66490.296875
2024-06-18,545968.370235412,-274122.057953715,14,244909.62963886734,291058.7405965446,65140.74609375
2024-06-19,544999.6163485252,-274122.057953715,14,244909.62963886734,290089.98670965777,64960.296875
2024-06-20,544299.8590759487,-274122.057953715,14,244909.62963886734,289390.2294370814,64828.65625
2024-06-21,540280.8073075028,-274122.057953715,14,244909.62963886734,285371.1776686355,64096.19921875
2024-06-22,541172.3610481691,-274122.057953715,14,244909.62963886734,286262.73140930175,64252.578125
2024-06-23,535267.9277017618,-274122.057953715,14,244909.62963886734,280358.2980628943,63180.796875
2024-06-24,519106.8983961401,-274122.057953715,14,244909.62963886734,264197.26875727274,60277.4140625
2024-06-25,527679.54533375,-274122.057953715,14,244909.62963886734,272769.9156948825,61804.640625
2024-06-26,522166.97523569746,-274122.057953715,14,244909.62963886734,267257.3455968299,60811.27734375
2024-06-27,526628.7081838719,-274122.057953715,14,244909.62963886734,271719.0785450045,61604.80078125
2024-06-28,519486.0734840232,-274122.057953715,14,244909.62963886734,264576.4438451558,60320.13671875
2024-06-29,522691.8207989925,-274122.057953715,14,244909.62963886734,267782.19116012513,60887.37890625
2024-06-30,532679.6964671834,-274122.057953715,14,244909.62963886734,277770.06682831614,62678.29296875
2024-07-01,533668.3442140041,-274122.057953715,14,244909.62963886734,278758.7145751368,62851.98046875
2024-07-02,529137.0115441786,-274122.057953715,14,244909.62963886734,274227.381905311,62029.015625
2024-07-03,518840.53308460594,-274122.057953715,14,244909.62963886734,263930.90344573854,60173.921875
2024-07-04,500639.78547665116,-274122.057953715,14,244909.62963886734,245730.15583778356,56977.703125
2024-07-05,499513.91015361506,-170628.14854963214,12,281575.19298594206,207938.71716767302,56662.375
2024-07-06,507371.4759882763,-170628.14854963214,12,281575.19298594206,215796.28300233427,58303.5390625
2024-07-07,495679.77509523113,-170628.14854963214,12,281575.19298594206,204104.58210928898,55849.109375
2024-07-08,499820.63973899896,-170628.14854963214,12,281575.19298594206,208245.4467530568,56705.09765625
2024-07-09,506054.3055279645,-170628.14854963214,12,281575.19298594206,214479.1125420223,58009.2265625
2024-07-10,504819.3977634454,-170628.14854963214,12,281575.19298594206,213244.20477750327,57742.49609375
2024-07-11,502966.20008526987,-170628.14854963214,12,281575.19298594206,211391.00709932778,57344.9140625
2024-07-12,505619.92582263285,-170628.14854963214,12,281575.19298594206,214044.73283669082,57899.46484375
2024-07-13,511908.90493081,-170628.14854963214,12,281575.19298594206,220333.71194486797,59231.953125
2024-07-14,519149.72951055155,-170628.14854963214,12,281575.19298594206,227574.53652460955,60787.79296875
2024-07-15,537502.0449646432,-170628.14854963214,12,281575.19298594206,245926.85197870122,64870.15234375
2024-07-16,538525.6282175118,-170628.14854963214,12,281575.19298594206,246950.4352315698,65097.1484375
2024-07-17,534172.3689897179,-170628.14854963214,12,281575.19298594206,242597.17600377582,64118.79296875
2024-07-18,533538.6665103106,-170628.14854963214,12,281575.19298594206,241963.47352436846,63974.06640625
2024-07-19,545723.6506436616,-170628.14854963214,12,281575.19298594206,254148.45765771953,66710.15625
2024-07-20,547740.3647946758,-170628.14854963214,12,281575.19298594206,256165.17180873375,67163.6484375
2024-07-21,552141.3845151976,-170628.14854963214,12,281575.19298594206,260566.1915292555,68154.5234375
2024-07-22,549610.353019001,-170628.14854963214,12,281575.19298594206,258035.16003305887,67585.25
2024-07-23,542250.8517533771,-170628.14854963214,12,281575.19298594206,250675.65876743497,65927.671875
2024-07-24,539785.9982259824,-170628.14854963214,12,281575.19298594206,248210.8052400403,65372.1328125
2024-07-25,541578.0814635728,-170628.14854963214,12,281575.19298594206,250002.88847763074,65777.2265625
2024-07-26,551034.8347664699,-170628.14854963214,12,281575.19298594206,259459.6417805278,67912.0625
2024-07-27,550585.4261223975,-170628.14854963214,12,281575.19298594206,259010.23313645538,67813.3359375
2024-07-28,552536.405688061,-170628.14854963214,12,281575.19298594206,260961.21270211894,68255.8671875
2024-07-29,546155.194104212,-170628.14854963214,12,281575.19298594206,254580.0011182699,66819.9140625
2024-07-30,543403.3336899558,-170628.14854963214,12,281575.19298594206,251828.14070401367,66201.015625
2024-07-31,537355.6967894048,-27299.60640809209,10,331199.8823178876,196155.81447151722,64619.25
2024-08-01,539850.295583168,-27299.60640809209,10,331199.8823178876,198650.4132652804,65357.5
2024-08-02,526253.1619335507,-27299.60640809209,10,331199.8823178876,185053.2796156631,61415.06640625
2024-08-03,523702.7116944577,-27299.60640809209,10,331199.8823178876,182502.8293765701,60680.09375
2024-08-04,514831.4739319689,-27299.60640809209,10,331199.8823178876,173631.5916140812,58116.9765625
2024-08-05,499968.1395185258,-27299.60640809209,10,331199.8823178876,158768.25720063818,53991.45703125
2024-08-06,507602.40835756774,-27299.60640809209,10,331199.8823178876,166402.52603968006,56034.31640625
2024-08-07,504032.35850130545,-27299.60640809209,10,331199.8823178876,162832.4761834178,55027.4609375
2024-08-08,527196.2638354327,-27299.60640809209,10,331199.8823178876,185996.38151754506,61710.13671875
2024-08-09,524380.8429460112,-27299.60640809209,10,331199.8823178876,183180.9606281236,60880.11328125
2024-08-10,524595.2652053885,-27299.60640809209,10,331199.8823178876,183395.38288750083,60945.8125
2024-08-11,517162.71749197633,-27299.60640809209,10,331199.8823178876,175962.83517408877,58719.484375
2024-08-12,519311.2471624232,-27299.60640809209,10,331199.8823178876,178111.36484453556,59354.515625
2024-08-13,523462.6798544462,-27299.60640809209,10,331199.8823178876,182262.79753655856,60609.56640625
2024-08-14,517334.5596947494,-27299.60640809209,10,331199.8823178876,176134.67737686174,58737.26953125
2024-08-15,513499.88649418636,-27299.60640809209,10,331199.8823178876,172300.00417629874,57560.09765625
2024-08-16,517923.3247566896,-27299.60640809209,10,331199.8823178876,176723.442438802,58894.10546875
2024-08-17,519833.798764196,-27299.60640809209,10,331199.8823178876,178633.91644630834,59478.97265625
2024-08-18,516693.9699531704,-27299.60640809209,10,331199.8823178876,175494.08763528263,58483.96484375
2024-08-19,519925.96225381515,-27299.60640809209,10,331199.8823178876,178726.07993592747,59493.453125
2024-08-20,518456.2025819733,-27299.60640809209,10,331199.8823178876,177256.32026408563,59012.79296875
2024-08-21,525125.677372054,-27299.60640809209,10,331199.8823178876,183925.79505416634,61175.19140625
2024-08-22,522685.8994959396,-27299.60640809209,10,331199.8823178876,181486.01717805187,60381.9140625
2024-08-23,535042.5669083263,120557.49072975162,8,380299.7524759161,144742.81443241044,64094.35546875
2024-08-24,535085.1141676736,120557.49072975162,8,380299.7524759161,144785.36169175754,64178.9921875
2024-08-25,535265.1444815143,120557.49072975162,8,380299.7524759161,144965.3920055983,64333.54296875
2024-08-26,532082.0349340349,120557.49072975162,8,380299.7524759161,141782.28245811883,62880.66015625
2024-08-27,525748.9937879085,120557.49072975162,8,380299.7524759161,135449.2413119924,59504.1328125
2024-08-28,524952.6026926393,120557.49072975162,8,380299.7524759161,134652.85021672328,59027.625
2024-08-29,525623.0075183761,120557.49072975162,8,380299.7524759161,135323.2550424601,59388.1796875
2024-08-30,525239.1733087987,120557.49072975162,8,380299.7524759161,134939.42083288272,59119.4765625
2024-08-31,525069.7288921358,120557.49072975162,8,380299.7524759161,134769.97641621967,58969.8984375
2024-09-01,522432.10311139876,120557.49072975162,8,380299.7524759161,132132.35063548264,57325.48828125
2024-09-02,525435.4652756538,120557.49072975162,8,380299.7524759161,135135.7127997377,59112.48046875
2024-09-03,523105.01255637547,120557.49072975162,8,380299.7524759161,132805.2600804594,57431.0234375
2024-09-04,524180.29270830087,120557.49072975162,8,380299.7524759161,133880.54023238478,57971.5390625
2024-09-05,521665.9290246669,120557.49072975162,8,380299.7524759161,131366.17654875084,56160.48828125
2024-09-06,516787.309694123,120557.49072975162,8,380299.7524759161,126487.5572182069,53948.75390625
2024-09-07,517794.06496767525,120557.49072975162,8,380299.7524759161,127494.3124917592,54139.6875
2024-09-08,520340.6640222692,120557.49072975162,8,380299.7524759161,130040.91154635309,54841.56640625
2024-09-09,525685.4370887582,120557.49072975162,8,380299.7524759161,135385.68461284222,57019.53515625
2024-09-10,527391.117196816,120557.49072975162,8,380299.7524759161,137091.36472089993,57648.7109375
2024-09-11,528719.6721620382,120557.49072975162,8,380299.7524759161,138419.91968612216,57343.171875
2024-09-12,531746.3482852447,120557.49072975162,8,380299.7524759161,141446.59580932852,58127.01171875
2024-09-13,511570.7507104388,156128.79151100162,6,382206.59361445176,119364.15709598703,60571.30078125
2024-09-14,509872.21164702147,156128.79151100162,6,382206.59361445176,117665.61803256976,60005.12109375
2024-09-15,507405.35630418954,156128.79151100162,6,382206.59361445176,115198.76268973772,59182.8359375
2024-09-16,504434.37218272337,156128.79151100162,6,382206.59361445176,112227.77856827162,58192.5078125
2024-09-17,510782.4649350452,156128.79151100162,6,382206.59361445176,118575.87132059345,60308.5390625
2024-09-18,514805.8865773431,156128.79151100162,6,382206.59361445176,122599.29296289134,61649.6796875
2024-09-19,518661.0978306674,156128.79151100162,6,382206.59361445176,126454.5042162157,62940.45703125
2024-09-20,519414.26593119313,156128.79151100162,6,382206.59361445176,127207.67231674142,63192.9765625
2024-09-21,520022.2816768986,156128.79151100162,6,382206.59361445176,127815.68806244692,63394.83984375
2024-09-22,520779.9723377982,156128.79151100162,6,382206.59361445176,128573.37872334654,63648.7109375
2024-09-23,519846.2497222846,156128.79151100162,6,382206.59361445176,127639.65610783285,63329.80078125
2024-09-24,522713.4091824136,156128.79151100162,6,382206.59361445176,130506.81556796185,64301.96875
2024-09-25,519286.2809665707,156128.79151100162,6,382206.59361445176,127079.68735211897,63143.14453125
2024-09-26,525292.0939571371,156128.79151100162,6,382206.59361445176,133085.50034268535,65181.01953125
2024-09-27,527064.3434658074,156128.79151100162,6,382206.59361445176,134857.74985135568,65790.6640625
2024-09-28,527376.8882195376,156128.79151100162,6,382206.59361445176,135170.29460508574,65887.6484375
2024-09-29,526692.8255118965,156128.79151100162,6,382206.59361445176,134486.23189744473,65635.3046875
2024-09-30,519845.3473672151,156128.79151100162,6,382206.59361445176,127638.75375276335,63329.5
2024-10-01,512367.8708060838,156128.79151100162,6,382206.59361445176,120161.27719163198,60837.0078125
2024-10-02,511755.20283678337,156128.79151100162,6,382206.59361445176,119548.6092223316,60632.78515625
2024-10-03,512135.05439865007,156128.79151100162,6,382206.59361445176,119928.4607841984,60759.40234375
2024-10-04,517027.16359426617,299984.9220811792,4,429279.51742571965,77747.6461685466,62067.4765625
2024-10-05,517072.10890664894,299984.9220811792,4,429279.51742571965,77792.59148092935,62089.94921875
2024-10-06,518530.1167190285,299984.9220811792,4,429279.51742571965,79250.5992933089,62818.953125
2024-10-07,517365.5307815182,299984.9220811792,4,429279.51742571965,78086.01335579864,62236.66015625
2024-10-08,517156.14796899224,299984.9220811792,4,429279.51742571965,77876.63054327268,62131.96875
2024-10-09,514056.4135940211,299984.9220811792,4,429279.51742571965,74776.89616830155,60582.1015625
2024-10-10,513441.21046900033,299984.9220811792,4,429279.51742571965,74161.69304328074,60274.5
2024-10-11,517782.3901564513,299984.9220811792,4,429279.51742571965,78502.87273073176,62445.08984375
2024-10-12,519278.25734394597,299984.9220811792,4,429279.51742571965,79998.73991822638,63193.0234375
2024-10-13,518594.96046894504,299984.9220811792,4,429279.51742571965,79315.44304322547,62851.375
2024-10-14,524984.4604689432,299984.9220811792,4,429279.51742571965,85704.94304322371,66046.125
2024-10-15,526974.4292189432,299984.9220811792,4,429279.51742571965,87694.91179322364,67041.109375
2024-10-16,528117.6479689432,299984.9220811792,4,429279.51742571965,88838.13054322361,67612.71875
2024-10-17,527691.8823439432,299984.9220811792,4,429279.51742571965,88412.36491822361,67399.8359375
2024-10-18,529729.7885939432,299984.9220811792,4,429279.51742571965,90450.27116822361,68418.7890625
2024-10-19,529617.6792189432,299984.9220811792,4,429279.51742571965,90338.16179322361,68362.734375
2024-10-20,530895.6167189432,299984.9220811792,4,429279.51742571965,91616.09929322361,69001.703125
2024-10-21,527627.9135939432,299984.9220811792,4,429279.51742571965,88348.39616822361,67367.8515625
2024-10-22,527615.0229689432,299984.9220811792,4,429279.51742571965,88335.50554322361,67361.40625
2024-10-23,525756.6010939432,299984.9220811792,4,429279.51742571965,86477.08366822361,66432.1953125
2024-10-24,529214.3198439432,299984.9220811792,4,429279.51742571965,89934.80241822361,68161.0546875
2024-10-25,526177.0385939432,299984.9220811792,4,429279.51742571965,86897.52116822361,66642.4140625
2024-10-26,526921.6010939432,299984.9220811792,4,429279.51742571965,87642.08366822361,67014.6953125
2024-10-27,528750.8042189432,299984.9220811792,4,429279.51742571965,89471.28679322361,67929.296875
2024-10-28,532707.7260939432,299984.9220811792,4,429279.51742571965,93428.20866822361,69907.7578125
2024-10-29,538333.1948439432,299984.9220811792,4,429279.51742571965,99053.67741822361,72720.4921875
2024-10-30,537571.2885939432,299984.9220811792,4,429279.51742571965,98291.77116822361,72339.5390625
2024-10-31,534102.5484874322,423196.411430079,2,474496.77537020395,49605.773117228346,70215.1875
2024-11-01,533369.8297374322,423196.411430079,2,474496.77537020395,48873.054367228346,69482.46875
2024-11-02,533176.6344249322,423196.411430079,2,474496.77537020395,48679.859054728346,69289.2734375
2024-11-03,532628.4781749322,423196.411430079,2,474496.77537020395,48131.702804728346,68741.1171875
2024-11-04,531698.8687999322,423196.411430079,2,474496.77537020395,47202.093429728346,67811.5078125
2024-11-05,533246.9234874322,423196.411430079,2,474496.77537020395,48750.148117228346,69359.5625
2024-11-06,539526.4391124322,423196.411430079,2,474496.77537020395,55029.663742228346,75639.078125
2024-11-07,539792.2203624322,423196.411430079,2,474496.77537020395,55295.444992228346,75904.859375
2024-11-08,540432.8375499322,423196.411430079,2,474496.77537020395,55936.062179728346,76545.4765625
2024-11-09,540666.2281749322,423196.411430079,2,474496.77537020395,56169.452804728346,76778.8671875
2024-11-10,544361.5484874322,423196.411430079,2,474496.77537020395,59864.773117228346,80474.1875
2024-11-11,548473.660910892,423196.411430079,2,474496.77537020395,63976.88554068817,88701.484375
2024-11-12,549042.5017263426,423196.411430079,2,474496.77537020395,64545.72635613877,87955.8125
2024-11-13,549137.6283352667,423196.411430079,2,474496.77537020395,64640.852965062884,90584.1640625
2024-11-14,549906.3419343549,423196.411430079,2,474496.77537020395,65409.56656415104,87250.4296875
2024-11-15,550487.6613734881,423196.411430079,2,474496.77537020395,65990.88600328435,91066.0078125
2024-11-16,551554.8736439145,423196.411430079,2,474496.77537020395,67058.09827371064,90558.4765625
2024-11-17,552414.146469366,423196.411430079,2,474496.77537020395,67917.37109916226,89845.8515625
2024-11-18,553377.8735835565,423196.411430079,2,474496.77537020395,68881.09821335268,90542.640625
2024-11-19,554542.0782622775,423196.411430079,2,474496.77537020395,70045.30289207373,92343.7890625
2024-11-20,555431.8027173644,423196.411430079,2,474496.77537020395,70935.02734716065,94339.4921875
2024-11-21,545961.5942526801,423196.411430079,2,474496.77537020395,61464.818882476226,98504.7265625
2024-11-22,563498.0649444509,563498.0649444509,0,553498.064944451,0.0,98997.6640625
2024-11-23,563498.0649444509,563498.0649444509,0,553498.064944451,0.0,97777.28125
2024-11-24,563498.0649444509,563498.0649444509,0,553498.064944451,0.0,98013.8203125
2024-11-25,563498.0649444509,563498.0649444509,0,553498.064944451,0.0,93102.296875
2024-11-26,563498.0649444509,563498.0649444509,0,553498.064944451,0.0,91985.3203125
2024-11-27,563498.0649444509,563498.0649444509,0,553498.064944451,0.0,95962.53125
2024-11-28,563498.0649444509,563498.0649444509,0,553498.064944451,0.0,95652.46875
2024-11-29,563498.0649444509,563498.0649444509,0,553498.064944451,0.0,97461.5234375
2024-11-30,563498.0649444509,563498.0649444509,0,553498.064944451,0.0,96449.0546875
2024-12-01,563498.0649444509,563498.0649444509,0,553498.064944451,0.0,97279.7890625
2024-12-02,563498.0649444509,563498.0649444509,0,553498.064944451,0.0,95865.3046875
2024-12-03,563498.0649444509,563498.0649444509,0,553498.064944451,0.0,96002.1640625
2024-12-04,563498.0649444509,563498.0649444509,0,553498.064944451,0.0,98768.53125
2024-12-05,563498.0649444509,563498.0649444509,0,553498.064944451,0.0,96593.5703125
2024-12-06,563498.0649444509,563498.0649444509,0,553498.064944451,0.0,99920.7109375
2024-12-07,563498.0649444509,563498.0649444509,0,553498.064944451,0.0,99923.3359375
2024-12-08,563498.0649444509,563498.0649444509,0,553498.064944451,0.0,101236.015625
2024-12-09,563498.0649444509,563498.0649444509,0,553498.064944451,0.0,97432.71875
2024-12-10,563498.0649444509,563498.0649444509,0,553498.064944451,0.0,96675.4296875
2024-12-11,563498.0649444509,563498.0649444509,0,553498.064944451,0.0,101173.03125
2024-12-12,563498.0649444509,563498.0649444509,0,553498.064944451,0.0,100043.0
2024-12-13,563498.0649444509,563498.0649444509,0,553498.064944451,0.0,101459.2578125
2024-12-14,563498.0649444509,563498.0649444509,0,553498.064944451,0.0,101372.96875
2024-12-15,563498.0649444509,563498.0649444509,0,553498.064944451,0.0,104298.6953125
2024-12-16,563498.0649444509,563498.0649444509,0,553498.064944451,0.0,106029.71875
2024-12-17,563498.0649444509,563498.0649444509,0,553498.064944451,0.0,106140.6015625
2024-12-18,563498.0649444509,563498.0649444509,0,553498.064944451,0.0,100041.5390625
2024-12-19,563498.0649444509,563498.0649444509,0,553498.064944451,0.0,97490.953125
2024-12-20,563498.0649444509,563498.0649444509,0,553498.064944451,0.0,97755.9296875
2024-12-21,563498.0649444509,563498.0649444509,0,553498.064944451,0.0,97224.7265625
2024-12-22,563498.0649444509,563498.0649444509,0,553498.064944451,0.0,95104.9375
2024-12-23,563498.0649444509,563498.0649444509,0,553498.064944451,0.0,94686.2421875
2024-12-24,563498.0649444509,563498.0649444509,0,553498.064944451,0.0,98676.09375
2024-12-25,563498.0649444509,563498.0649444509,0,553498.064944451,0.0,99299.1953125
2024-12-26,563498.0649444509,563498.0649444509,0,553498.064944451,0.0,95795.515625
2024-12-27,563498.0649444509,563498.0649444509,0,553498.064944451,0.0,94164.859375
2024-12-28,563498.0649444509,563498.0649444509,0,553498.064944451,0.0,95163.9296875
2024-12-29,563498.0649444509,563498.0649444509,0,553498.064944451,0.0,93530.2265625
2024-12-30,563498.0649444509,563498.0649444509,0,553498.064944451,0.0,92643.2109375
